id,names,artists,release_date,danceability,energy,key,loudness,mode,speechiness,acousticness,instrumentalness,liveness,valence,tempo,type,uri,track_href,analysis_url,duration_ms,time_signature,genre
44ZAlAAn0bAEzUJgZky04H,Too Young,Nat King Cole,2008-01-01,0.191,0.202,8,-14.45,1,0.0289,0.923,0.000362,0.289,0.181,92.091,audio_features,spotify:track:44ZAlAAn0bAEzUJgZky04H,https://api.spotify.com/v1/tracks/44ZAlAAn0bAEzUJgZky04H,https://api.spotify.com/v1/audio-analysis/44ZAlAAn0bAEzUJgZky04H,205707,1,['adult standards']
4EcmCSEL77iVCdhylq0yG2,Because of You (with Percy Faith & His Orchestra),Tony Bennett,2013-10-04,0.235,0.222,6,-13.28,1,0.0302,0.974,0.00109,0.255,0.227,84.846,audio_features,spotify:track:4EcmCSEL77iVCdhylq0yG2,https://api.spotify.com/v1/tracks/4EcmCSEL77iVCdhylq0yG2,https://api.spotify.com/v1/audio-analysis/4EcmCSEL77iVCdhylq0yG2,177333,3,"['adult standards', 'easy listening', 'lounge', 'vocal jazz']"
5ppBB4siG1FZJJBzmev67F,How High the Moon,Les Paul,2005-06-21,0.556,0.751,9,-8.89,0,0.0468,0.93,0.766,0.271,0.725,119.307,audio_features,spotify:track:5ppBB4siG1FZJJBzmev67F,https://api.spotify.com/v1/tracks/5ppBB4siG1FZJJBzmev67F,https://api.spotify.com/v1/audio-analysis/5ppBB4siG1FZJJBzmev67F,126453,4,['space age pop']
2scbGWVjIYsfieovyRyfv1,Come On-A My House,Rosemary Clooney,1951,0.531,0.676,10,-7.168,0,0.125,0.84,0.0,0.4,0.957,183.208,audio_features,spotify:track:2scbGWVjIYsfieovyRyfv1,https://api.spotify.com/v1/tracks/2scbGWVjIYsfieovyRyfv1,https://api.spotify.com/v1/audio-analysis/2scbGWVjIYsfieovyRyfv1,117267,4,"['adult standards', 'easy listening', 'lounge', 'swing', 'torch song', 'vocal jazz']"
6l8tdrHjXjoM2U8mxfoXnL,"Be My Love (From ""The Toast of New Orleans"")",Nicholas Brodszky,1991-01-20,0.139,0.278,1,-15.264,1,0.0391,0.974,1.75e-05,0.174,0.196,68.863,audio_features,spotify:track:6l8tdrHjXjoM2U8mxfoXnL,https://api.spotify.com/v1/tracks/6l8tdrHjXjoM2U8mxfoXnL,https://api.spotify.com/v1/audio-analysis/6l8tdrHjXjoM2U8mxfoXnL,210160,4,[]
3Rd7lzhb3AtQPuQ4UZiSCc,On Top Of Old Smoky,The Weavers,1996-01-01,0.421,0.464,11,-9.033,1,0.0367,0.869,0.0,0.225,0.657,167.947,audio_features,spotify:track:3Rd7lzhb3AtQPuQ4UZiSCc,https://api.spotify.com/v1/tracks/3Rd7lzhb3AtQPuQ4UZiSCc,https://api.spotify.com/v1/audio-analysis/3Rd7lzhb3AtQPuQ4UZiSCc,163267,3,"['american folk revival', 'folk']"
6Io0N5BVZcK5nRaWAZjtnX,"Cold, Cold Heart",Tony Bennett,2013-10-04,0.286,0.149,7,-13.062,1,0.0315,0.971,9.87e-06,0.132,0.211,91.598,audio_features,spotify:track:6Io0N5BVZcK5nRaWAZjtnX,https://api.spotify.com/v1/tracks/6Io0N5BVZcK5nRaWAZjtnX,https://api.spotify.com/v1/audio-analysis/6Io0N5BVZcK5nRaWAZjtnX,157600,4,"['adult standards', 'easy listening', 'lounge', 'vocal jazz']"
0VLsWxGXctGx9QtaHCpVEk,If,Perry Como,1999-09-28,0.288,0.169,0,-12.024,1,0.0294,0.903,4.22e-05,0.317,0.229,71.412,audio_features,spotify:track:0VLsWxGXctGx9QtaHCpVEk,https://api.spotify.com/v1/tracks/0VLsWxGXctGx9QtaHCpVEk,https://api.spotify.com/v1/audio-analysis/0VLsWxGXctGx9QtaHCpVEk,184040,4,"['adult standards', 'easy listening', 'lounge']"
4mSKeFHnAjwZIG4wQDCe2Z,"The Loveliest Night of the Year (From ""The Great Caruso"")",Irving Aaronson,1949,0.183,0.246,1,-13.514,1,0.0342,0.942,0.0233,0.36,0.205,85.132,audio_features,spotify:track:4mSKeFHnAjwZIG4wQDCe2Z,https://api.spotify.com/v1/tracks/4mSKeFHnAjwZIG4wQDCe2Z,https://api.spotify.com/v1/audio-analysis/4mSKeFHnAjwZIG4wQDCe2Z,213467,4,[]
5g5I4HsMQZ4shVP7Bg1ZEb,Tennessee Waltz,Patti Page,2003-01-01,0.46,0.14,5,-12.204,1,0.0326,0.968,0.000678,0.129,0.359,87.009,audio_features,spotify:track:5g5I4HsMQZ4shVP7Bg1ZEb,https://api.spotify.com/v1/tracks/5g5I4HsMQZ4shVP7Bg1ZEb,https://api.spotify.com/v1/audio-analysis/5g5I4HsMQZ4shVP7Bg1ZEb,182267,3,"['adult standards', 'easy listening', 'lounge']"
707KmYFPnxkPLpZL1BVhUg,Blue Tango,Leroy Anderson,2002-07-11,0.48,0.152,2,-22.657,1,0.0338,0.851,0.899,0.115,0.53,118.868,audio_features,spotify:track:707KmYFPnxkPLpZL1BVhUg,https://api.spotify.com/v1/tracks/707KmYFPnxkPLpZL1BVhUg,https://api.spotify.com/v1/audio-analysis/707KmYFPnxkPLpZL1BVhUg,184320,4,"['american modern classical', 'easy listening', 'space age pop']"
2gCQe48O4GMJz6oFBqnN9e,Wheel Of Fortune,Kay Starr,1991-01-01,0.461,0.248,8,-10.278,1,0.0481,0.897,0.0,0.399,0.404,140.558,audio_features,spotify:track:2gCQe48O4GMJz6oFBqnN9e,https://api.spotify.com/v1/tracks/2gCQe48O4GMJz6oFBqnN9e,https://api.spotify.com/v1/audio-analysis/2gCQe48O4GMJz6oFBqnN9e,185600,4,"['adult standards', 'easy listening', 'lounge', 'swing', 'torch song', 'vocal jazz']"
4wnFpRgQu2gLN8d76dYOGr,Cry,Johnnie Ray,1991-09-03,0.479,0.0952,0,-15.5,1,0.0274,0.849,0.0,0.657,0.35,69.784,audio_features,spotify:track:4wnFpRgQu2gLN8d76dYOGr,https://api.spotify.com/v1/tracks/4wnFpRgQu2gLN8d76dYOGr,https://api.spotify.com/v1/audio-analysis/4wnFpRgQu2gLN8d76dYOGr,181693,4,"['adult standards', 'deep adult standards', 'easy listening', 'lounge', 'rock-and-roll', 'rockabilly']"
5z83t2vEuCtiBStCw6sQsD,You Belong To Me,Jo Stafford,2003,0.356,0.349,5,-8.176,1,0.0291,0.953,0.0,0.343,0.357,70.342,audio_features,spotify:track:5z83t2vEuCtiBStCw6sQsD,https://api.spotify.com/v1/tracks/5z83t2vEuCtiBStCw6sQsD,https://api.spotify.com/v1/audio-analysis/5z83t2vEuCtiBStCw6sQsD,188547,4,"['adult standards', 'easy listening', 'lounge', 'swing', 'torch song', 'vocal jazz']"
4Z5BOVNa5mgFGLf16L5W7e,Auf Wiederseh'n Sweetheart,Vera Lynn,2009-01-01,0.375,0.192,8,-13.354,1,0.0367,0.938,1.64e-06,0.153,0.232,111.223,audio_features,spotify:track:4Z5BOVNa5mgFGLf16L5W7e,https://api.spotify.com/v1/tracks/4Z5BOVNa5mgFGLf16L5W7e,https://api.spotify.com/v1/audio-analysis/4Z5BOVNa5mgFGLf16L5W7e,156653,4,"['adult standards', 'lounge']"
70ZRroKKjOBvGkBlHoDDp0,Half As Much,Rosemary Clooney,1951,0.271,0.187,10,-12.016,1,0.0319,0.941,0.0,0.254,0.253,106.583,audio_features,spotify:track:70ZRroKKjOBvGkBlHoDDp0,https://api.spotify.com/v1/tracks/70ZRroKKjOBvGkBlHoDDp0,https://api.spotify.com/v1/audio-analysis/70ZRroKKjOBvGkBlHoDDp0,166400,3,"['adult standards', 'easy listening', 'lounge', 'swing', 'torch song', 'vocal jazz']"
12FenJTid0ehEheP8Cs8Ff,Wish You Were Here,Eddie Fisher,1987-10-26,0.407,0.224,5,-14.708,1,0.034,0.855,0.0,0.374,0.387,114.001,audio_features,spotify:track:12FenJTid0ehEheP8Cs8Ff,https://api.spotify.com/v1/tracks/12FenJTid0ehEheP8Cs8Ff,https://api.spotify.com/v1/audio-analysis/12FenJTid0ehEheP8Cs8Ff,174400,4,"['adult standards', 'deep adult standards', 'easy listening', 'lounge']"
0df6XbUzKzLnnScNzONLnq,I Went To Your Wedding,Patti Page,2003-01-01,0.526,0.0892,0,-11.993,1,0.0324,0.928,0.0,0.219,0.118,78.273,audio_features,spotify:track:0df6XbUzKzLnnScNzONLnq,https://api.spotify.com/v1/tracks/0df6XbUzKzLnnScNzONLnq,https://api.spotify.com/v1/audio-analysis/0df6XbUzKzLnnScNzONLnq,194427,3,"['adult standards', 'easy listening', 'lounge']"
4cXWZgLjzJMjQaSlOVFYJ7,Here In My Heart,Al Martino,2015-07-22,0.192,0.337,0,-7.981,1,0.0329,0.451,0.23,0.307,0.205,108.871,audio_features,spotify:track:4cXWZgLjzJMjQaSlOVFYJ7,https://api.spotify.com/v1/tracks/4cXWZgLjzJMjQaSlOVFYJ7,https://api.spotify.com/v1/audio-analysis/4cXWZgLjzJMjQaSlOVFYJ7,183440,3,"['adult standards', 'easy listening', 'lounge', 'vocal jazz']"
6gNkjeqj4lZMSJ1ejV3qGI,Delicado,Percy Faith & His Orchestra,2013-07-24,0.415,0.69,7,-12.419,1,0.0406,0.347,0.654,0.305,0.742,93.169,audio_features,spotify:track:6gNkjeqj4lZMSJ1ejV3qGI,https://api.spotify.com/v1/tracks/6gNkjeqj4lZMSJ1ejV3qGI,https://api.spotify.com/v1/audio-analysis/6gNkjeqj4lZMSJ1ejV3qGI,228159,4,"['adult standards', 'easy listening', 'lounge', ""man's orchestra""]"
1forE8vXOCGqYqtWaCTI80,The Song from Moulin Rouge (Where Is Your Heart),Percy Faith & His Orchestra,2013-07-24,0.194,0.225,7,-17.839,1,0.04,0.964,0.877,0.193,0.0449,116.111,audio_features,spotify:track:1forE8vXOCGqYqtWaCTI80,https://api.spotify.com/v1/tracks/1forE8vXOCGqYqtWaCTI80,https://api.spotify.com/v1/audio-analysis/1forE8vXOCGqYqtWaCTI80,230682,5,"['adult standards', 'easy listening', 'lounge', ""man's orchestra""]"
359CiGkSa8dE8vsqd67IWL,Vaya Con Dios,Les Paul,2005-01-01,0.658,0.0901,4,-19.042,1,0.0344,0.904,0.00063,0.0873,0.241,97.105,audio_features,spotify:track:359CiGkSa8dE8vsqd67IWL,https://api.spotify.com/v1/tracks/359CiGkSa8dE8vsqd67IWL,https://api.spotify.com/v1/audio-analysis/359CiGkSa8dE8vsqd67IWL,173307,3,['space age pop']
1mMSH14XSSjzLvNuf62azx,(How Much Is) That Doggie in the Window,Patti Page,2010-02-05,0.639,0.29,2,-11.688,1,0.044,0.795,0.0,0.042,0.667,122.895,audio_features,spotify:track:1mMSH14XSSjzLvNuf62azx,https://api.spotify.com/v1/tracks/1mMSH14XSSjzLvNuf62azx,https://api.spotify.com/v1/audio-analysis/1mMSH14XSSjzLvNuf62azx,158427,3,"['adult standards', 'easy listening', 'lounge']"
2xptPf8ALWnevUEpooEwdJ,I'm Walking Behind You,Eddie Fisher,2005-04-26,0.278,0.243,2,-6.531,1,0.0288,0.923,0.0,0.112,0.232,74.954,audio_features,spotify:track:2xptPf8ALWnevUEpooEwdJ,https://api.spotify.com/v1/tracks/2xptPf8ALWnevUEpooEwdJ,https://api.spotify.com/v1/audio-analysis/2xptPf8ALWnevUEpooEwdJ,185627,1,"['adult standards', 'deep adult standards', 'easy listening', 'lounge']"
7iv8br1y5Hv63QX5Z2HFjv,"You, You, You",The Ames Brothers,2007-05-26,0.386,0.177,4,-11.213,1,0.0299,0.838,0.000245,0.327,0.292,97.678,audio_features,spotify:track:7iv8br1y5Hv63QX5Z2HFjv,https://api.spotify.com/v1/tracks/7iv8br1y5Hv63QX5Z2HFjv,https://api.spotify.com/v1/audio-analysis/7iv8br1y5Hv63QX5Z2HFjv,175612,4,"['adult standards', 'deep adult standards', 'vocal harmony group']"
03y1M51YWth7sBrvjOSrNy,Till I Waltz Again With You,Teresa Brewer,1995-01-01,0.615,0.0997,2,-17.648,1,0.0497,0.81,0.0,0.294,0.342,87.223,audio_features,spotify:track:03y1M51YWth7sBrvjOSrNy,https://api.spotify.com/v1/tracks/03y1M51YWth7sBrvjOSrNy,https://api.spotify.com/v1/audio-analysis/03y1M51YWth7sBrvjOSrNy,181267,4,"['adult standards', 'deep adult standards']"
6qFMhW7m0DnQQPvEjWuhzj,April In Portugal,Les Baxter,1960-05-01,0.466,0.245,0,-14.049,1,0.0374,0.556,0.889,0.0989,0.615,105.257,audio_features,spotify:track:6qFMhW7m0DnQQPvEjWuhzj,https://api.spotify.com/v1/tracks/6qFMhW7m0DnQQPvEjWuhzj,https://api.spotify.com/v1/audio-analysis/6qFMhW7m0DnQQPvEjWuhzj,165160,4,"['adult standards', 'easy listening', 'exotica', 'laboratorio', 'library music', 'lounge']"
4iyzrJ3qIGBvG8yl5dWHQ8,No Other Love (with Henri René & His Orchestra and Chorus),Perry Como,1999-09-28,0.303,0.187,0,-11.615,1,0.0295,0.89,2.74e-06,0.101,0.23,90.486,audio_features,spotify:track:4iyzrJ3qIGBvG8yl5dWHQ8,https://api.spotify.com/v1/tracks/4iyzrJ3qIGBvG8yl5dWHQ8,https://api.spotify.com/v1/audio-analysis/4iyzrJ3qIGBvG8yl5dWHQ8,196373,4,"['adult standards', 'easy listening', 'lounge']"
4VxHNPdru8Yw6IvSm3ifZz,Don't Let The Stars Get In Your Eyes,Perry Como,1999-09-28,0.857,0.452,8,-11.558,1,0.0446,0.747,0.0,0.107,0.965,122.501,audio_features,spotify:track:4VxHNPdru8Yw6IvSm3ifZz,https://api.spotify.com/v1/tracks/4VxHNPdru8Yw6IvSm3ifZz,https://api.spotify.com/v1/audio-analysis/4VxHNPdru8Yw6IvSm3ifZz,160267,4,"['adult standards', 'easy listening', 'lounge']"
049uxirFkHOefJ0yqPW8Kk,I Believe,Frankie Laine,1958,0.402,0.159,1,-18.598,1,0.0306,0.977,1.76e-05,0.155,0.282,67.796,audio_features,spotify:track:049uxirFkHOefJ0yqPW8Kk,https://api.spotify.com/v1/tracks/049uxirFkHOefJ0yqPW8Kk,https://api.spotify.com/v1/audio-analysis/049uxirFkHOefJ0yqPW8Kk,130893,4,"['adult standards', 'cowboy western', 'deep adult standards', 'easy listening', 'lounge', 'rock-and-roll']"
5FxRgEpzXV9hp1b1heivXZ,Little Things Mean A Lot,Kitty Kallen,2012-01-23,0.39,0.106,8,-15.224,1,0.0437,0.831,0.0,0.126,0.319,83.081,audio_features,spotify:track:5FxRgEpzXV9hp1b1heivXZ,https://api.spotify.com/v1/tracks/5FxRgEpzXV9hp1b1heivXZ,https://api.spotify.com/v1/audio-analysis/5FxRgEpzXV9hp1b1heivXZ,180107,4,"['deep adult standards', 'torch song']"
6KAX5KLXVBD8nXHiUK0AFr,Wanted (with Henri René & His Orchestra and Chorus),Perry Como,1999-09-28,0.323,0.185,1,-11.221,0,0.0313,0.92,3.65e-06,0.337,0.387,74.718,audio_features,spotify:track:6KAX5KLXVBD8nXHiUK0AFr,https://api.spotify.com/v1/tracks/6KAX5KLXVBD8nXHiUK0AFr,https://api.spotify.com/v1/audio-analysis/6KAX5KLXVBD8nXHiUK0AFr,185093,4,"['adult standards', 'easy listening', 'lounge']"
5FNrgmYFN7CL3gGlSwP2Et,Hey There,Rosemary Clooney,1989-08-08,0.378,0.0558,7,-20.216,0,0.0389,0.969,9.62e-06,0.147,0.176,86.525,audio_features,spotify:track:5FNrgmYFN7CL3gGlSwP2Et,https://api.spotify.com/v1/tracks/5FNrgmYFN7CL3gGlSwP2Et,https://api.spotify.com/v1/audio-analysis/5FNrgmYFN7CL3gGlSwP2Et,179067,5,"['adult standards', 'easy listening', 'lounge', 'swing', 'torch song', 'vocal jazz']"
3EcdioSeXbtELIdpFGDg5W,Sh-Boom,The Crew Cuts,2013-03-19,0.601,0.462,5,-5.729,1,0.0456,0.839,0.0,0.121,0.721,63.876,audio_features,spotify:track:3EcdioSeXbtELIdpFGDg5W,https://api.spotify.com/v1/tracks/3EcdioSeXbtELIdpFGDg5W,https://api.spotify.com/v1/audio-analysis/3EcdioSeXbtELIdpFGDg5W,166922,4,"['doo-wop', 'vocal harmony group']"
6arXC5SSDmd09eEY8tE6TX,Make Love To Me,Anne Murray,1994-01-01,0.804,0.554,7,-9.26,1,0.0413,0.433,1.11e-06,0.0798,0.784,103.746,audio_features,spotify:track:6arXC5SSDmd09eEY8tE6TX,https://api.spotify.com/v1/tracks/6arXC5SSDmd09eEY8tE6TX,https://api.spotify.com/v1/audio-analysis/6arXC5SSDmd09eEY8tE6TX,174960,4,"['adult standards', 'canadian country', 'canadian pop', 'mellow gold', 'soft rock']"
1LvJvqApB38VYkZDoFfhxC,I Get So Lonely (When I Dream About You),The Four Knights,2005-06-21,0.798,0.314,8,-11.846,1,0.0432,0.729,0.0,0.106,0.968,111.889,audio_features,spotify:track:1LvJvqApB38VYkZDoFfhxC,https://api.spotify.com/v1/tracks/1LvJvqApB38VYkZDoFfhxC,https://api.spotify.com/v1/audio-analysis/1LvJvqApB38VYkZDoFfhxC,127387,4,"['deep adult standards', 'vocal harmony group']"
3hJHdTNNADU2gumKak0LIl,Three Coins In The Fountain,The Four Aces,2012-01-23,0.41,0.192,3,-13.054,1,0.0303,0.513,5.22e-06,0.156,0.526,77.617,audio_features,spotify:track:3hJHdTNNADU2gumKak0LIl,https://api.spotify.com/v1/tracks/3hJHdTNNADU2gumKak0LIl,https://api.spotify.com/v1/audio-analysis/3hJHdTNNADU2gumKak0LIl,182173,4,"['adult standards', 'deep adult standards', 'easy listening', 'lounge', 'vocal harmony group']"
2dX2phLETbjqZA0D78ms4T,Secret Love,Doris Day,1948,0.28,0.151,11,-14.317,1,0.0355,0.955,0.00107,0.134,0.176,76.222,audio_features,spotify:track:2dX2phLETbjqZA0D78ms4T,https://api.spotify.com/v1/tracks/2dX2phLETbjqZA0D78ms4T,https://api.spotify.com/v1/audio-analysis/2dX2phLETbjqZA0D78ms4T,218253,4,"['adult standards', 'easy listening', 'lounge', 'vocal jazz']"
4FrjjVI4KdZoqgiMMOtiuf,Hernando's Hideaway,Archie Bleyer & His Orchestra,2010-04-20,0.857,0.522,0,-10.308,0,0.157,0.115,0.00221,0.165,0.654,118.494,audio_features,spotify:track:4FrjjVI4KdZoqgiMMOtiuf,https://api.spotify.com/v1/tracks/4FrjjVI4KdZoqgiMMOtiuf,https://api.spotify.com/v1/audio-analysis/4FrjjVI4KdZoqgiMMOtiuf,152507,4,[]
3saWmYdFiyXhKYPAIvcN6s,Cherry Pink and Apple Blossom White,Pérez Prado,2010-05-28,0.484,0.376,5,-13.887,0,0.0417,0.614,0.924,0.172,0.824,109.06,audio_features,spotify:track:3saWmYdFiyXhKYPAIvcN6s,https://api.spotify.com/v1/tracks/3saWmYdFiyXhKYPAIvcN6s,https://api.spotify.com/v1/audio-analysis/3saWmYdFiyXhKYPAIvcN6s,145640,4,"['mambo', 'space age pop']"
5hqOXjG2iZeVeWzAibynl8,Rock around the clock,Bill Haley,2005,0.525,0.512,2,-11.594,1,0.128,0.527,0.615,0.0948,0.787,182.147,audio_features,spotify:track:5hqOXjG2iZeVeWzAibynl8,https://api.spotify.com/v1/tracks/5hqOXjG2iZeVeWzAibynl8,https://api.spotify.com/v1/audio-analysis/5hqOXjG2iZeVeWzAibynl8,131933,4,"['rock-and-roll', 'rockabilly']"
7rGNXbpYxdwRYiw4sRcOoj,The Yellow Rose of Texas,Mitch Miller & His Orchestra & Chorus,1989-06-13,0.75,0.873,8,-10.846,1,0.0385,0.792,0.0,0.0961,0.877,99.696,audio_features,spotify:track:7rGNXbpYxdwRYiw4sRcOoj,https://api.spotify.com/v1/tracks/7rGNXbpYxdwRYiw4sRcOoj,https://api.spotify.com/v1/audio-analysis/7rGNXbpYxdwRYiw4sRcOoj,180467,4,[]
6Szf3vFdDFNKu39oJ2v7jH,Autumn Leaves,Roger Williams,2004-01-01,0.344,0.36,2,-8.887,0,0.0298,0.94,0.594,0.0907,0.26,108.001,audio_features,spotify:track:6Szf3vFdDFNKu39oJ2v7jH,https://api.spotify.com/v1/tracks/6Szf3vFdDFNKu39oJ2v7jH,https://api.spotify.com/v1/audio-analysis/6Szf3vFdDFNKu39oJ2v7jH,173613,4,"['adult standards', 'easy listening', 'lounge']"
4dnbvB2Y3cZncApCwowEQx,Unchained Melody,Les Baxter,1960-05-01,0.242,0.209,7,-13.017,1,0.0324,0.206,0.0289,0.139,0.221,93.267,audio_features,spotify:track:4dnbvB2Y3cZncApCwowEQx,https://api.spotify.com/v1/tracks/4dnbvB2Y3cZncApCwowEQx,https://api.spotify.com/v1/audio-analysis/4dnbvB2Y3cZncApCwowEQx,153373,4,"['adult standards', 'easy listening', 'exotica', 'laboratorio', 'library music', 'lounge']"
5hDKXaqNk8QuwZoEIDAJU9,"The Ballad Of Davy Crockett - From the Television Miniseries ""Davy Crockett""",Fess Parker,2001-01-01,0.616,0.0844,0,-20.678,1,0.274,0.586,0.0,0.107,0.608,160.72,audio_features,spotify:track:5hDKXaqNk8QuwZoEIDAJU9,https://api.spotify.com/v1/tracks/5hDKXaqNk8QuwZoEIDAJU9,https://api.spotify.com/v1/audio-analysis/5hDKXaqNk8QuwZoEIDAJU9,177813,4,['movie tunes']
3C1mFkJRPmXbgn7gwUTq1O,Love Is A Many-Splendored Thing,The Four Aces,2012-01-23,0.32,0.252,2,-14.136,1,0.0363,0.825,0.0,0.356,0.273,123.056,audio_features,spotify:track:3C1mFkJRPmXbgn7gwUTq1O,https://api.spotify.com/v1/tracks/3C1mFkJRPmXbgn7gwUTq1O,https://api.spotify.com/v1/audio-analysis/3C1mFkJRPmXbgn7gwUTq1O,182866,4,"['adult standards', 'deep adult standards', 'easy listening', 'lounge', 'vocal harmony group']"
2oNBEAdRtr1bf9uBm9AgTn,Sincerely,The McGuire Sisters,2013-03-31,0.445,0.109,1,-16.79,1,0.029,0.825,0.0,0.183,0.687,74.742,audio_features,spotify:track:2oNBEAdRtr1bf9uBm9AgTn,https://api.spotify.com/v1/tracks/2oNBEAdRtr1bf9uBm9AgTn,https://api.spotify.com/v1/audio-analysis/2oNBEAdRtr1bf9uBm9AgTn,178190,4,"['adult standards', 'deep adult standards', 'doo-wop', 'easy listening', 'lounge', 'vocal harmony group']"
6pTybvSMcw5spOS7d656rn,Ain't That A Shame,Pat Boone,1964-01-01,0.693,0.591,10,-5.249,1,0.0317,0.415,0.000253,0.136,0.83,116.826,audio_features,spotify:track:6pTybvSMcw5spOS7d656rn,https://api.spotify.com/v1/tracks/6pTybvSMcw5spOS7d656rn,https://api.spotify.com/v1/audio-analysis/6pTybvSMcw5spOS7d656rn,143893,4,"['adult standards', 'easy listening', 'lounge', 'rock-and-roll', 'rockabilly']"
1VbPvNOeKkkQGoMgeWeMzL,Dance With Me Henry (Wallflower),Georgia Gibbs,1996-01-01,0.656,0.597,7,-11.1,1,0.23,0.895,5.04e-05,0.155,0.789,137.786,audio_features,spotify:track:1VbPvNOeKkkQGoMgeWeMzL,https://api.spotify.com/v1/tracks/1VbPvNOeKkkQGoMgeWeMzL,https://api.spotify.com/v1/audio-analysis/1VbPvNOeKkkQGoMgeWeMzL,137600,4,['deep adult standards']
2IfE8FhnPPEBSS4rL1qhBb,Heartbreak Hotel,Elvis Presley,2002-09-24,0.694,0.295,9,-8.672,1,0.0611,0.843,1.42e-06,0.0856,0.729,93.577,audio_features,spotify:track:2IfE8FhnPPEBSS4rL1qhBb,https://api.spotify.com/v1/tracks/2IfE8FhnPPEBSS4rL1qhBb,https://api.spotify.com/v1/audio-analysis/2IfE8FhnPPEBSS4rL1qhBb,127960,4,"['rock-and-roll', 'rockabilly']"
4zzXm1QJQXWLyUfFhWZBRg,Don't Be Cruel,Elvis Presley,2002-09-24,0.68,0.675,2,-7.998,1,0.191,0.772,0.0,0.069,0.805,84.967,audio_features,spotify:track:4zzXm1QJQXWLyUfFhWZBRg,https://api.spotify.com/v1/tracks/4zzXm1QJQXWLyUfFhWZBRg,https://api.spotify.com/v1/audio-analysis/4zzXm1QJQXWLyUfFhWZBRg,122867,4,"['rock-and-roll', 'rockabilly']"
1fazjcfV0fNI14sB1ohQjk,Lisbon Antigua - Remastered,Nelson Riddle,1997-01-01,0.485,0.184,0,-13.972,1,0.0284,0.746,0.221,0.121,0.494,80.445,audio_features,spotify:track:1fazjcfV0fNI14sB1ohQjk,https://api.spotify.com/v1/tracks/1fazjcfV0fNI14sB1ohQjk,https://api.spotify.com/v1/audio-analysis/1fazjcfV0fNI14sB1ohQjk,154307,4,"['adult standards', 'classic soundtrack', 'easy listening', 'exotica', 'lounge']"
03gRaxva5dYAlwcyzLXoO4,My Prayer,The Platters,1991-01-01,0.417,0.199,5,-10.975,1,0.0278,0.869,0.0,0.177,0.272,71.146,audio_features,spotify:track:03gRaxva5dYAlwcyzLXoO4,https://api.spotify.com/v1/tracks/03gRaxva5dYAlwcyzLXoO4,https://api.spotify.com/v1/audio-analysis/03gRaxva5dYAlwcyzLXoO4,165107,4,"['adult standards', 'doo-wop', 'lounge', 'rhythm and blues', 'rock-and-roll', 'rockabilly']"
5WyWoxaMpyW63LblRIqJOG,The Wayward Wind,Gogi Grant,2011-01-19,0.504,0.366,11,-11.989,1,0.0375,0.771,0.0,0.402,0.511,129.539,audio_features,spotify:track:5WyWoxaMpyW63LblRIqJOG,https://api.spotify.com/v1/tracks/5WyWoxaMpyW63LblRIqJOG,https://api.spotify.com/v1/audio-analysis/5WyWoxaMpyW63LblRIqJOG,175387,4,['deep adult standards']
6NhKoTnW7hlYbyZPjpgIls,The Poor People Of Paris (Jean's Song),Les Baxter,1957-01-01,0.583,0.429,10,-5.408,1,0.0301,0.804,0.183,0.131,0.79,87.961,audio_features,spotify:track:6NhKoTnW7hlYbyZPjpgIls,https://api.spotify.com/v1/tracks/6NhKoTnW7hlYbyZPjpgIls,https://api.spotify.com/v1/audio-analysis/6NhKoTnW7hlYbyZPjpgIls,145267,4,"['adult standards', 'easy listening', 'exotica', 'laboratorio', 'library music', 'lounge']"
3Dnv944x31XU4FFMlkfnWN,"Whatever Will Be, Will Be (Que Sera, Sera) - Single Version",Doris Day,1992-09-29,0.396,0.32,9,-13.211,1,0.0413,0.864,0.0,0.599,0.713,175.75,audio_features,spotify:track:3Dnv944x31XU4FFMlkfnWN,https://api.spotify.com/v1/tracks/3Dnv944x31XU4FFMlkfnWN,https://api.spotify.com/v1/audio-analysis/3Dnv944x31XU4FFMlkfnWN,124640,4,"['adult standards', 'easy listening', 'lounge', 'vocal jazz']"
0JOw67rq2X6NDz5AJP9uIG,Hound Dog,Elvis Presley,2002-09-24,0.343,0.884,5,-4.123,0,0.129,0.62,0.000673,0.497,0.94,177.751,audio_features,spotify:track:0JOw67rq2X6NDz5AJP9uIG,https://api.spotify.com/v1/tracks/0JOw67rq2X6NDz5AJP9uIG,https://api.spotify.com/v1/audio-analysis/0JOw67rq2X6NDz5AJP9uIG,133293,4,"['rock-and-roll', 'rockabilly']"
4h0igWYayzteBtSNpWYQ9h,Memories Are Made Of This,Dean Martin,1964,0.611,0.179,4,-15.977,1,0.0488,0.918,0.0,0.109,0.556,133.073,audio_features,spotify:track:4h0igWYayzteBtSNpWYQ9h,https://api.spotify.com/v1/tracks/4h0igWYayzteBtSNpWYQ9h,https://api.spotify.com/v1/audio-analysis/4h0igWYayzteBtSNpWYQ9h,138080,4,"['adult standards', 'easy listening', 'lounge']"
3BNOxIqnJJm0lAwo3PRHpJ,Rock And Roll Waltz,Kay Starr,2012-01-23,0.512,0.294,5,-13.063,1,0.0314,0.892,0.0,0.291,0.787,103.199,audio_features,spotify:track:3BNOxIqnJJm0lAwo3PRHpJ,https://api.spotify.com/v1/tracks/3BNOxIqnJJm0lAwo3PRHpJ,https://api.spotify.com/v1/audio-analysis/3BNOxIqnJJm0lAwo3PRHpJ,180173,3,"['adult standards', 'easy listening', 'lounge', 'swing', 'torch song', 'vocal jazz']"
3OeX4IyrnpwkElW5iS8leo,All Shook Up,Elvis Presley,2007,0.706,0.656,10,-6.853,1,0.119,0.829,0.0,0.139,0.947,74.809,audio_features,spotify:track:3OeX4IyrnpwkElW5iS8leo,https://api.spotify.com/v1/tracks/3OeX4IyrnpwkElW5iS8leo,https://api.spotify.com/v1/audio-analysis/3OeX4IyrnpwkElW5iS8leo,117987,4,"['rock-and-roll', 'rockabilly']"
4pvHoNisb1NWUgvVBDXkX4,Love Letters In The Sand,Pat Boone,1964-01-01,0.509,0.485,1,-9.957,1,0.0316,0.594,0.00256,0.277,0.574,137.903,audio_features,spotify:track:4pvHoNisb1NWUgvVBDXkX4,https://api.spotify.com/v1/tracks/4pvHoNisb1NWUgvVBDXkX4,https://api.spotify.com/v1/audio-analysis/4pvHoNisb1NWUgvVBDXkX4,130507,3,"['adult standards', 'easy listening', 'lounge', 'rock-and-roll', 'rockabilly']"
31oT0QYXEYK5ngF5eD45iS,Little Darlin' - Single Version,The Diamonds,1973-01-01,0.648,0.535,6,-11.598,1,0.0383,0.414,0.0416,0.361,0.721,152.69,audio_features,spotify:track:31oT0QYXEYK5ngF5eD45iS,https://api.spotify.com/v1/tracks/31oT0QYXEYK5ngF5eD45iS,https://api.spotify.com/v1/audio-analysis/31oT0QYXEYK5ngF5eD45iS,129333,4,"['adult standards', 'doo-wop', 'rhythm and blues', 'rock-and-roll', 'rockabilly']"
1ppJFZAaPa48XRdyqIk94E,Young Love,Tab Hunter,2012-01-23,0.34,0.372,0,-13.201,1,0.0382,0.647,2.53e-06,0.0964,0.749,205.414,audio_features,spotify:track:1ppJFZAaPa48XRdyqIk94E,https://api.spotify.com/v1/tracks/1ppJFZAaPa48XRdyqIk94E,https://api.spotify.com/v1/audio-analysis/1ppJFZAaPa48XRdyqIk94E,146653,4,['deep adult standards']
7kTmbEXdGYWmxn7Z1jrNrW,So Rare,Jimmy Dorsey,2015-01-14,0.55,0.416,6,-10.926,1,0.0328,0.411,2.01e-05,0.141,0.713,83.581,audio_features,spotify:track:7kTmbEXdGYWmxn7Z1jrNrW,https://api.spotify.com/v1/tracks/7kTmbEXdGYWmxn7Z1jrNrW,https://api.spotify.com/v1/audio-analysis/7kTmbEXdGYWmxn7Z1jrNrW,161907,4,"['big band', 'jazz clarinet', 'swing']"
6vL6hy8VSjDSORz5qCM0cr,Don't Forbid Me,Pat Boone,1993-01-01,0.524,0.356,2,-10.733,1,0.0337,0.824,0.00302,0.334,0.582,109.526,audio_features,spotify:track:6vL6hy8VSjDSORz5qCM0cr,https://api.spotify.com/v1/tracks/6vL6hy8VSjDSORz5qCM0cr,https://api.spotify.com/v1/audio-analysis/6vL6hy8VSjDSORz5qCM0cr,139733,4,"['adult standards', 'easy listening', 'lounge', 'rock-and-roll', 'rockabilly']"
5gR646M5FtmWYbPhXFkv2h,Singing The Blues,Guy Mitchell,2013-04-19,0.63,0.478,4,-8.176,1,0.0467,0.815,0.00364,0.107,0.704,141.558,audio_features,spotify:track:5gR646M5FtmWYbPhXFkv2h,https://api.spotify.com/v1/tracks/5gR646M5FtmWYbPhXFkv2h,https://api.spotify.com/v1/audio-analysis/5gR646M5FtmWYbPhXFkv2h,145560,4,"['adult standards', 'deep adult standards', 'rock-and-roll']"
7ow0KcdNRitEedvwQNTd6S,Young Love,Sonny James,2006-01-01,0.455,0.244,2,-16.097,1,0.041,0.752,9.52e-06,0.0959,0.383,146.483,audio_features,spotify:track:7ow0KcdNRitEedvwQNTd6S,https://api.spotify.com/v1/tracks/7ow0KcdNRitEedvwQNTd6S,https://api.spotify.com/v1/audio-analysis/7ow0KcdNRitEedvwQNTd6S,152200,3,['nashville sound']
6Dr0EbXrRpMs5GeCjOxnE5,Too Much,Elvis Presley,2002-09-24,0.546,0.815,3,-5.607,0,0.047,0.776,0.0,0.0643,0.906,118.489,audio_features,spotify:track:6Dr0EbXrRpMs5GeCjOxnE5,https://api.spotify.com/v1/tracks/6Dr0EbXrRpMs5GeCjOxnE5,https://api.spotify.com/v1/audio-analysis/6Dr0EbXrRpMs5GeCjOxnE5,154840,4,"['rock-and-roll', 'rockabilly']"
1UsG5X1iDRw17C5mIAgqqA,Round and Round (with Mitchell Ayres and His Orchestra & The Ray Charles Singers),Perry Como,1999-09-28,0.749,0.471,9,-12.856,1,0.113,0.891,0.0,0.367,0.717,117.91,audio_features,spotify:track:1UsG5X1iDRw17C5mIAgqqA,https://api.spotify.com/v1/tracks/1UsG5X1iDRw17C5mIAgqqA,https://api.spotify.com/v1/audio-analysis/1UsG5X1iDRw17C5mIAgqqA,154000,4,"['adult standards', 'easy listening', 'lounge']"
5ca1c1EGb3Q1tnXXPRrAhs,Volare (Nel Blu Dipinto Di Blu) [Remastered],Domenico Modugno,2015-04-16,0.533,0.173,11,-11.263,1,0.0449,0.847,0.0,0.383,0.372,132.333,audio_features,spotify:track:5ca1c1EGb3Q1tnXXPRrAhs,https://api.spotify.com/v1/tracks/5ca1c1EGb3Q1tnXXPRrAhs,https://api.spotify.com/v1/audio-analysis/5ca1c1EGb3Q1tnXXPRrAhs,211387,4,"['classic italian pop', 'italian adult pop']"
7dblNGnRXEBrVJunazs2U5,All I Have to Do Is Dream,The Everly Brothers,1964-08-01,0.534,0.462,4,-8.172,1,0.0266,0.839,0.0,0.129,0.534,96.195,audio_features,spotify:track:7dblNGnRXEBrVJunazs2U5,https://api.spotify.com/v1/tracks/7dblNGnRXEBrVJunazs2U5,https://api.spotify.com/v1/audio-analysis/7dblNGnRXEBrVJunazs2U5,143333,4,"['adult standards', 'bubblegum pop', 'lounge', 'mellow gold', 'rock-and-roll', 'rockabilly', 'sunshine pop']"
4HVSaFbEwvptCAzLlOr2UZ,Don't,Elvis Presley,2002-09-24,0.525,0.0995,2,-12.559,1,0.0273,0.957,0.00111,0.12,0.282,67.288,audio_features,spotify:track:4HVSaFbEwvptCAzLlOr2UZ,https://api.spotify.com/v1/tracks/4HVSaFbEwvptCAzLlOr2UZ,https://api.spotify.com/v1/audio-analysis/4HVSaFbEwvptCAzLlOr2UZ,168907,4,"['rock-and-roll', 'rockabilly']"
3RVnGPQfCm1r9Apk5Fvrpp,Witch Doctor,David Seville,2014-10-20,0.631,0.612,7,-5.648,1,0.0496,0.723,0.0,0.13,0.917,139.24,audio_features,spotify:track:3RVnGPQfCm1r9Apk5Fvrpp,https://api.spotify.com/v1/tracks/3RVnGPQfCm1r9Apk5Fvrpp,https://api.spotify.com/v1/audio-analysis/3RVnGPQfCm1r9Apk5Fvrpp,143373,4,['novelty']
1ilbphwgxDnbhmR5JzhyDZ,Patricia,Pérez Prado,1999-07-27,0.689,0.719,1,-5.979,1,0.0399,0.185,0.541,0.0725,0.781,136.812,audio_features,spotify:track:1ilbphwgxDnbhmR5JzhyDZ,https://api.spotify.com/v1/tracks/1ilbphwgxDnbhmR5JzhyDZ,https://api.spotify.com/v1/audio-analysis/1ilbphwgxDnbhmR5JzhyDZ,139800,4,"['mambo', 'space age pop']"
5Q8rFZE9rklCPiHz2XnE4G,Sail Along Silvery Moon,Billy Vaughn,2013-02-06,0.247,0.397,5,-12.745,1,0.0306,0.653,0.366,0.382,0.598,92.184,audio_features,spotify:track:5Q8rFZE9rklCPiHz2XnE4G,https://api.spotify.com/v1/tracks/5Q8rFZE9rklCPiHz2XnE4G,https://api.spotify.com/v1/audio-analysis/5Q8rFZE9rklCPiHz2XnE4G,128616,4,"['adult standards', 'easy listening', 'lounge', 'space age pop']"
1pBJCt9keWDrIQYu51T6py,Catch a Falling Star (with Mitchell Ayres and His Orchestra & The Ray Charles Singers),Perry Como,1999-09-28,0.7,0.189,7,-15.412,1,0.0795,0.798,0.0,0.136,0.561,119.522,audio_features,spotify:track:1pBJCt9keWDrIQYu51T6py,https://api.spotify.com/v1/tracks/1pBJCt9keWDrIQYu51T6py,https://api.spotify.com/v1/audio-analysis/1pBJCt9keWDrIQYu51T6py,149093,4,"['adult standards', 'easy listening', 'lounge']"
5gJKsGij5oGt5H5RSFYXPa,Tequila,The Champs,1994-04-19,0.671,0.742,5,-9.912,1,0.0441,0.121,0.679,0.0601,0.897,89.748,audio_features,spotify:track:5gJKsGij5oGt5H5RSFYXPa,https://api.spotify.com/v1/tracks/5gJKsGij5oGt5H5RSFYXPa,https://api.spotify.com/v1/audio-analysis/5gJKsGij5oGt5H5RSFYXPa,135240,4,"['rock-and-roll', 'rockabilly']"
01OFUZ8btJxFI6n5igQUqx,It's All In The Game,Tommy Edwards,1997-01-01,0.332,0.148,3,-17.523,1,0.032,0.864,0.0609,0.206,0.613,70.881,audio_features,spotify:track:01OFUZ8btJxFI6n5igQUqx,https://api.spotify.com/v1/tracks/01OFUZ8btJxFI6n5igQUqx,https://api.spotify.com/v1/audio-analysis/01OFUZ8btJxFI6n5igQUqx,156440,4,"['adult standards', 'deep adult standards', 'doo-wop', 'rock-and-roll']"
5hHQosCZi33D2uJgj7Prbr,Return To Me,Dean Martin,2012-01-01,0.205,0.164,2,-17.529,1,0.0378,0.966,0.00289,0.0559,0.202,121.672,audio_features,spotify:track:5hHQosCZi33D2uJgj7Prbr,https://api.spotify.com/v1/tracks/5hHQosCZi33D2uJgj7Prbr,https://api.spotify.com/v1/audio-analysis/5hHQosCZi33D2uJgj7Prbr,166640,3,"['adult standards', 'easy listening', 'lounge']"
1XRA4Tjb2YrcQU5ThDllCw,The Battle Of New Orleans,Johnny Horton,1956,0.703,0.753,9,-11.783,1,0.135,0.803,0.0,0.0997,0.921,177.162,audio_features,spotify:track:1XRA4Tjb2YrcQU5ThDllCw,https://api.spotify.com/v1/tracks/1XRA4Tjb2YrcQU5ThDllCw,https://api.spotify.com/v1/audio-analysis/1XRA4Tjb2YrcQU5ThDllCw,152067,4,['cowboy western']
0YTgZJfVLmJ0b8XAMZKRKg,Mack the Knife,Bobby Darin,2004-11-23,0.549,0.529,3,-12.291,0,0.108,0.76,0.0,0.206,0.464,82.755,audio_features,spotify:track:0YTgZJfVLmJ0b8XAMZKRKg,https://api.spotify.com/v1/tracks/0YTgZJfVLmJ0b8XAMZKRKg,https://api.spotify.com/v1/audio-analysis/0YTgZJfVLmJ0b8XAMZKRKg,184333,4,"['adult standards', 'easy listening', 'lounge', 'rock-and-roll', 'rockabilly', 'soul', 'swing', 'vocal jazz']"
5vjigjfoXuJEttqLB3HTAg,Personality,Lloyd Price,1994-01-01,0.591,0.454,5,-8.936,1,0.0322,0.744,0.0,0.0989,0.865,128.909,audio_features,spotify:track:5vjigjfoXuJEttqLB3HTAg,https://api.spotify.com/v1/tracks/5vjigjfoXuJEttqLB3HTAg,https://api.spotify.com/v1/audio-analysis/5vjigjfoXuJEttqLB3HTAg,157733,4,"['adult standards', 'doo-wop', 'louisiana blues', 'memphis blues', 'new orleans blues', 'rhythm and blues', 'rock-and-roll', 'rockabilly']"
1odzZRPb3CvbIT2xU5vFma,Venus,Frankie Avalon,2002-01-01,0.605,0.434,10,-12.976,1,0.0298,0.538,2.41e-05,0.0804,0.837,114.983,audio_features,spotify:track:1odzZRPb3CvbIT2xU5vFma,https://api.spotify.com/v1/tracks/1odzZRPb3CvbIT2xU5vFma,https://api.spotify.com/v1/audio-analysis/1odzZRPb3CvbIT2xU5vFma,143760,4,"['adult standards', 'bubblegum pop', 'doo-wop', 'rock-and-roll', 'rockabilly']"
4kh2S9hRpPvoF9JkwZcYGN,Lonely Boy,Paul Anka,2000-10-03,0.623,0.605,0,-9.923,1,0.0306,0.352,0.0,0.101,0.804,106.163,audio_features,spotify:track:4kh2S9hRpPvoF9JkwZcYGN,https://api.spotify.com/v1/tracks/4kh2S9hRpPvoF9JkwZcYGN,https://api.spotify.com/v1/audio-analysis/4kh2S9hRpPvoF9JkwZcYGN,151107,3,"['adult standards', 'canadian pop', 'easy listening', 'lounge', 'rock-and-roll']"
1KLpjQFgubHI3GkAICCNH3,Dream Lover,Bobby Darin,2004-11-23,0.526,0.774,5,-1.692,1,0.0459,0.715,0.0,0.437,0.715,131.715,audio_features,spotify:track:1KLpjQFgubHI3GkAICCNH3,https://api.spotify.com/v1/tracks/1KLpjQFgubHI3GkAICCNH3,https://api.spotify.com/v1/audio-analysis/1KLpjQFgubHI3GkAICCNH3,150706,4,"['adult standards', 'easy listening', 'lounge', 'rock-and-roll', 'rockabilly', 'soul', 'swing', 'vocal jazz']"
5xghdTMuqQPqtDJ0bn3zkn,The Three Bells (Les Trois Cloches) (feat. Jim Ed Brown),The Browns,1996-01-30,0.455,0.327,7,-10.113,1,0.0328,0.83,0.0,0.0997,0.324,106.303,audio_features,spotify:track:5xghdTMuqQPqtDJ0bn3zkn,https://api.spotify.com/v1/tracks/5xghdTMuqQPqtDJ0bn3zkn,https://api.spotify.com/v1/audio-analysis/5xghdTMuqQPqtDJ0bn3zkn,173840,4,"['deep adult standards', 'nashville sound', 'vocal harmony group']"
603N4XGJUTbK760GLCvIIs,Come Softly To Me,The Fleetwoods,1993-01-01,0.601,0.095,1,-18.478,1,0.0374,0.93,0.000285,0.116,0.672,122.975,audio_features,spotify:track:603N4XGJUTbK760GLCvIIs,https://api.spotify.com/v1/tracks/603N4XGJUTbK760GLCvIIs,https://api.spotify.com/v1/audio-analysis/603N4XGJUTbK760GLCvIIs,144933,4,"['adult standards', 'doo-wop', 'rock-and-roll', 'vocal harmony group']"
4GvyP7CnBJEV2t7L7vOkjw,Kansas City,Wilbert Harrison,1959,0.727,0.665,1,-6.453,1,0.0352,0.653,0.233,0.349,0.912,114.979,audio_features,spotify:track:4GvyP7CnBJEV2t7L7vOkjw,https://api.spotify.com/v1/tracks/4GvyP7CnBJEV2t7L7vOkjw,https://api.spotify.com/v1/audio-analysis/4GvyP7CnBJEV2t7L7vOkjw,150333,4,"['rhythm and blues', 'rock-and-roll']"
6bnFjTW3EnMG4BwreDnSHK,Mr. Blue,The Fleetwoods,1993-01-01,0.374,0.0889,4,-17.475,1,0.0356,0.931,6.88e-06,0.111,0.211,96.677,audio_features,spotify:track:6bnFjTW3EnMG4BwreDnSHK,https://api.spotify.com/v1/tracks/6bnFjTW3EnMG4BwreDnSHK,https://api.spotify.com/v1/audio-analysis/6bnFjTW3EnMG4BwreDnSHK,145133,4,"['adult standards', 'doo-wop', 'rock-and-roll', 'vocal harmony group']"
6zwvB879PJSpTyFcg2wwnL,"The Theme from ""A Summer Place""",Percy Faith & His Orchestra,1989-06-13,0.326,0.326,0,-15.144,1,0.0297,0.591,0.918,0.494,0.87,186.232,audio_features,spotify:track:6zwvB879PJSpTyFcg2wwnL,https://api.spotify.com/v1/tracks/6zwvB879PJSpTyFcg2wwnL,https://api.spotify.com/v1/audio-analysis/6zwvB879PJSpTyFcg2wwnL,142693,3,"['adult standards', 'easy listening', 'lounge', ""man's orchestra""]"
7DH5dXVuQaqcKf9oTy9oUN,He'll Have to Go,Jim Reeves,1997-02-14,0.554,0.186,1,-15.846,1,0.0379,0.909,0.00144,0.11,0.2,81.181,audio_features,spotify:track:7DH5dXVuQaqcKf9oTy9oUN,https://api.spotify.com/v1/tracks/7DH5dXVuQaqcKf9oTy9oUN,https://api.spotify.com/v1/audio-analysis/7DH5dXVuQaqcKf9oTy9oUN,138640,3,"['adult standards', 'nashville sound']"
1MA9StLzlFftLbuqOmoWij,Cathy's Clown,The Everly Brothers,1962-06-01,0.497,0.582,7,-8.961,1,0.0339,0.412,0.0,0.372,0.866,119.808,audio_features,spotify:track:1MA9StLzlFftLbuqOmoWij,https://api.spotify.com/v1/tracks/1MA9StLzlFftLbuqOmoWij,https://api.spotify.com/v1/audio-analysis/1MA9StLzlFftLbuqOmoWij,144013,4,"['adult standards', 'bubblegum pop', 'lounge', 'mellow gold', 'rock-and-roll', 'rockabilly', 'sunshine pop']"
1RYznli2VNO7FCbW1Hq4KM,Running Bear,Johnny Preston,2013-09-01,0.772,0.297,5,-14.679,0,0.053,0.854,7.59e-06,0.125,0.822,119.987,audio_features,spotify:track:1RYznli2VNO7FCbW1Hq4KM,https://api.spotify.com/v1/tracks/1RYznli2VNO7FCbW1Hq4KM,https://api.spotify.com/v1/audio-analysis/1RYznli2VNO7FCbW1Hq4KM,158200,4,"['deep adult standards', 'rhythm and blues', 'rock-and-roll', 'rockabilly']"
2VbwU6FU8BlgJaAzE23S11,Teen Angel,Mark Dinning,2003-01-01,0.582,0.168,0,-12.426,1,0.035,0.869,0.0,0.147,0.349,97.537,audio_features,spotify:track:2VbwU6FU8BlgJaAzE23S11,https://api.spotify.com/v1/tracks/2VbwU6FU8BlgJaAzE23S11,https://api.spotify.com/v1/audio-analysis/2VbwU6FU8BlgJaAzE23S11,157080,4,[]
7k1miVArO4XgNTES6G0j1L,I'm Sorry,Brenda Lee,2012-01-23,0.559,0.157,10,-14.342,1,0.0312,0.942,0.00199,0.124,0.306,102.08,audio_features,spotify:track:7k1miVArO4XgNTES6G0j1L,https://api.spotify.com/v1/tracks/7k1miVArO4XgNTES6G0j1L,https://api.spotify.com/v1/audio-analysis/7k1miVArO4XgNTES6G0j1L,162120,3,"['adult standards', 'lounge']"
1XunTmhOcj3xwh4b8P3isX,It's Now or Never,Elvis Presley,2002-09-24,0.643,0.491,4,-9.312,1,0.0344,0.642,0.00972,0.286,0.753,126.399,audio_features,spotify:track:1XunTmhOcj3xwh4b8P3isX,https://api.spotify.com/v1/tracks/1XunTmhOcj3xwh4b8P3isX,https://api.spotify.com/v1/audio-analysis/1XunTmhOcj3xwh4b8P3isX,194600,4,"['rock-and-roll', 'rockabilly']"
3u6PPczqfFR1ZsO2J8pEUH,Handy Man,Jimmy Jones,2011-09-16,0.446,0.713,10,-7.519,1,0.0495,0.646,0.0,0.123,0.869,147.142,audio_features,spotify:track:3u6PPczqfFR1ZsO2J8pEUH,https://api.spotify.com/v1/tracks/3u6PPczqfFR1ZsO2J8pEUH,https://api.spotify.com/v1/audio-analysis/3u6PPczqfFR1ZsO2J8pEUH,117226,4,"['doo-wop', 'rhythm and blues', 'rock-and-roll']"
7bA1DHtoJAvqyL42gHwOLa,Stuck On You,Elvis Presley,2002-09-24,0.649,0.678,7,-7.389,1,0.0463,0.775,0.000634,0.129,0.96,131.719,audio_features,spotify:track:7bA1DHtoJAvqyL42gHwOLa,https://api.spotify.com/v1/tracks/7bA1DHtoJAvqyL42gHwOLa,https://api.spotify.com/v1/audio-analysis/7bA1DHtoJAvqyL42gHwOLa,138827,4,"['rock-and-roll', 'rockabilly']"
3ohLnESFgYACPMCkoTOzqE,The Twist,Chubby Checker,2005-01-01,0.533,0.638,4,-7.13,1,0.0341,0.202,0.0,0.0729,0.937,156.663,audio_features,spotify:track:3ohLnESFgYACPMCkoTOzqE,https://api.spotify.com/v1/tracks/3ohLnESFgYACPMCkoTOzqE,https://api.spotify.com/v1/audio-analysis/3ohLnESFgYACPMCkoTOzqE,153760,4,"['adult standards', 'bubblegum pop', 'rock-and-roll', 'rockabilly']"
